{"name":"792865d0-1590-4fe6-ba6c-2f0e1f48c199","id":"/providers/Microsoft.Flow/flows/792865d0-1590-4fe6-ba6c-2f0e1f48c199","type":"Microsoft.Flow/flows","properties":{"apiId":"/providers/Microsoft.PowerApps/apis/shared_logicflows","displayName":"Testing","definition":{"metadata":{"workflowEntityId":null,"processAdvisorMetadata":null,"flowChargedByPaygo":null,"flowclientsuspensionreason":"None","flowclientsuspensiontime":null,"flowclientsuspensionreasondetails":null,"creator":{"id":"e23ee44e-71b7-420f-9f3c-86c7b64c90cb","type":"User","tenantId":"baef933d-ae34-468d-acef-138991763463"},"provisioningMethod":"FromDefinition","failureAlertSubscription":true,"clientLastModifiedTime":"2025-03-06T02:32:15.2630445Z","connectionKeySavedTimeKey":"2025-03-06T02:32:15.2630445Z","creationSource":null},"$schema":"https://schema.management.azure.com/providers/Microsoft.Logic/schemas/2016-06-01/workflowdefinition.json#","contentVersion":"1.0.0.0","parameters":{"$connections":{"defaultValue":{},"type":"Object"},"$authentication":{"defaultValue":{},"type":"SecureObject"}},"triggers":{"When_an_item_is_created_or_modified":{"recurrence":{"interval":1,"frequency":"Minute"},"splitOn":"@triggerOutputs()?['body/value']","metadata":{"operationMetadataId":"adabec76-bf2b-4ed6-b7b6-604f3dc4ad11"},"type":"OpenApiConnection","inputs":{"host":{"apiId":"/providers/Microsoft.PowerApps/apis/shared_sharepointonline","connectionName":"shared_sharepointonline","operationId":"GetOnUpdatedItems"},"parameters":{"dataset":"https://ateferi.sharepoint.com/sites/DepartmentofFM","table":"80e3880e-3493-4974-8a20-e910cdc1838a"},"authentication":"@parameters('$authentication')"}}},"actions":{"varGroupName":{"runAfter":{},"metadata":{"operationMetadataId":"2a497186-04d4-4402-8d1d-3bf3b347e369"},"type":"InitializeVariable","inputs":{"variables":[{"name":"varGroupName","type":"string","value":"Department of FM Owners"}]}},"varOwnersPermissionID":{"runAfter":{"varGroupName":["Succeeded"]},"metadata":{"operationMetadataId":"483ac80a-7428-4c1d-b401-8c67a68b11ce"},"type":"InitializeVariable","inputs":{"variables":[{"name":"varOwnersPermissionID","type":"string","value":"1073741829"}]}},"varContributePermID":{"runAfter":{"varOwnersPermissionID":["Succeeded"]},"metadata":{"operationMetadataId":"c2b363e2-c5cc-4584-904d-afa6cb677eab"},"type":"InitializeVariable","inputs":{"variables":[{"name":"varContributePermID","type":"string","value":"1073741827"}]}},"SiteUrl":{"runAfter":{"varUserID":["Succeeded"]},"metadata":{"operationMetadataId":"9668da83-eba2-4e78-8b4c-320f479810b8"},"type":"Compose","inputs":"@substring(triggerOutputs()?['body/{Link}'], 0, indexOf(triggerOutputs()?['body/{Link}'], '_layouts'))"},"ListName":{"runAfter":{"SiteUrl":["Succeeded"]},"metadata":{"operationMetadataId":"e84990aa-f944-468a-bc29-10e6af478079"},"type":"Compose","inputs":"@\n\nreplace(replace(triggerOutputs()?['body/{Path}'],'Lists/',''),'/','')"},"APIURL":{"runAfter":{"ListName":["Succeeded"]},"metadata":{"operationMetadataId":"6aadeeb5-e6c2-4fea-a621-e25e685d9d1b"},"type":"InitializeVariable","inputs":{"variables":[{"name":"APIURL","type":"string","value":"_api/lists/getByTitle('@{outputs('ListName')}')/items(@{triggerOutputs()?['body/ID']})/breakroleinheritance(copyRoleAssignments=false,clearSubscopes=true)"}]}},"BreakInheritence":{"runAfter":{"APIURL":["Succeeded"]},"metadata":{"operationMetadataId":"42d6c7c0-73e4-4f71-a661-bdd835916d8e"},"type":"OpenApiConnection","inputs":{"host":{"apiId":"/providers/Microsoft.PowerApps/apis/shared_sharepointonline","connectionName":"shared_sharepointonline","operationId":"HttpRequest"},"parameters":{"dataset":"@outputs('SiteUrl')","parameters/method":"POST","parameters/uri":"@variables('APIURL')","parameters/headers":{"Accept":"application/json","Content-type":"application/json"}},"authentication":"@parameters('$authentication')"}},"Send_an_HTTP_request_to_SharePoint-ownerDetails":{"runAfter":{"BreakInheritence":["Succeeded"]},"metadata":{"operationMetadataId":"ae466fd7-f4ca-4221-a94f-4ce247758c2c"},"type":"OpenApiConnection","inputs":{"host":{"apiId":"/providers/Microsoft.PowerApps/apis/shared_sharepointonline","connectionName":"shared_sharepointonline","operationId":"HttpRequest"},"parameters":{"dataset":"@outputs('SiteUrl')","parameters/method":"GET","parameters/uri":"_api/web/sitegroups/getbyname('@{variables('varGroupName')}')?$select=id","parameters/headers":{"Accept":"application/json;odata=verbose","Content-type":"application/json;odata=verbose"}},"authentication":"@parameters('$authentication')"}},"Parse_JSON":{"runAfter":{"Send_an_HTTP_request_to_SharePoint-ownerDetails":["Succeeded"]},"metadata":{"operationMetadataId":"0c5a0773-663e-4654-96f4-2659e9806c57"},"type":"ParseJson","inputs":{"content":"@body('Send_an_HTTP_request_to_SharePoint-ownerDetails')","schema":{"type":"object","properties":{"d":{"type":"object","properties":{"__metadata":{"type":"object","properties":{"id":{"type":"string"},"uri":{"type":"string"},"type":{"type":"string"}}},"Id":{"type":"integer"}}}}}}},"varOwnersGroupID":{"runAfter":{"Parse_JSON":["Succeeded"]},"metadata":{"operationMetadataId":"f52090a4-e519-452b-8117-975c0bab4f05"},"type":"InitializeVariable","inputs":{"variables":[{"name":"varOwnersGroupID","type":"string","value":"@body('Parse_JSON')?['d']?['__metadata']?['id']"}]}},"Send_an_HTTP_request_to_SharePoint-GrantPermissiontoOwners":{"runAfter":{"varOwnersGroupID":["Succeeded"]},"metadata":{"operationMetadataId":"dd1768d0-7f94-477b-ad96-6dd2e6ddabeb"},"type":"OpenApiConnection","inputs":{"host":{"apiId":"/providers/Microsoft.PowerApps/apis/shared_sharepointonline","connectionName":"shared_sharepointonline","operationId":"HttpRequest"},"parameters":{"dataset":"@outputs('SiteUrl')","parameters/method":"POST","parameters/uri":"_api/web/lists/getByTitle('@{outputs('ListName')}')/items(@{triggerOutputs()?['body/ID']})/roleassignments/addroleassignment(principalid=@{variables('varOwnersGroupID')},roleDefId=@{variables('varOwnersPermissionID')})"},"authentication":"@parameters('$authentication')"}},"ConditioncheckRequesterPresent":{"actions":{"Send_an_email_(V2)":{"runAfter":{},"metadata":{"operationMetadataId":"eb471812-fd0d-40a1-96c8-18666e2afbde"},"type":"OpenApiConnection","inputs":{"host":{"apiId":"/providers/Microsoft.PowerApps/apis/shared_office365","connectionName":"shared_office365","operationId":"SendEmailV2"},"parameters":{"emailMessage/To":"AmanuelTeferi@ATeferi.onmicrosoft.com","emailMessage/Subject":"update ","emailMessage/Body":"<p>Requires your attention</p>","emailMessage/Importance":"Normal"},"authentication":"@parameters('$authentication')"}}},"runAfter":{"Send_an_HTTP_request_to_SharePoint-GrantPermissiontoOwners":["Succeeded"]},"else":{"actions":{"ConditioncheckRequester":{"actions":{"Send_an_HTTP_request_to_SharePointGetRequesterDetails":{"runAfter":{},"metadata":{"operationMetadataId":"83b31769-15d9-4863-aba7-95514f0cd206"},"type":"OpenApiConnection","inputs":{"host":{"apiId":"/providers/Microsoft.PowerApps/apis/shared_sharepointonline","connectionName":"shared_sharepointonline","operationId":"HttpRequest"},"parameters":{"dataset":"@outputs('SiteUrl')","parameters/method":"GET","parameters/uri":"/_api/web/siteusers?$select=Id,Title&$filter=Title eq'@{triggerOutputs()?['body/From_x002d_CreatedBy/DisplayName']}'"},"authentication":"@parameters('$authentication')"}},"Parse_JSONGetRequester":{"runAfter":{"Send_an_HTTP_request_to_SharePointGetRequesterDetails":["Succeeded"]},"metadata":{"operationMetadataId":"af04f6a4-0a5c-4f71-a76e-944ce9f677e0"},"type":"ParseJson","inputs":{"content":"@body('Send_an_HTTP_request_to_SharePointGetRequesterDetails')","schema":{"type":"object","properties":{"d":{"type":"object","properties":{"results":{"type":"array","items":{"type":"object","properties":{"__metadata":{"type":"object","properties":{"id":{"type":"string"},"uri":{"type":"string"},"type":{"type":"string"}}},"Id":{"type":"integer"},"Title":{"type":"string"}},"required":["__metadata","Id","Title"]}}}}}}}},"Apply_to_each":{"foreach":"@body('Parse_JSONGetRequester')?['d']?['results']","actions":{"SetUserID":{"runAfter":{},"metadata":{"operationMetadataId":"22bde1d0-e703-4c56-a7fd-0bee0bb41119"},"type":"SetVariable","inputs":{"name":"varUserID","value":"@{items('Apply_to_each')?['Id']}"}}},"runAfter":{"Parse_JSONGetRequester":["Succeeded"]},"metadata":{"operationMetadataId":"911dd326-efba-4505-9129-cc02bf607b21"},"type":"Foreach"},"Send_an_HTTP_request_to_SharePointAddRequester":{"runAfter":{"Apply_to_each":["Succeeded"]},"metadata":{"operationMetadataId":"51afba82-abb7-4b0b-a874-c4e25cb7a24d"},"type":"OpenApiConnection","inputs":{"host":{"apiId":"/providers/Microsoft.PowerApps/apis/shared_sharepointonline","connectionName":"shared_sharepointonline","operationId":"HttpRequest"},"parameters":{"dataset":"@outputs('SiteUrl')","parameters/method":"POST","parameters/uri":"_api/web/lists/getByTitle('@{outputs('ListName')}')/items(@{triggerOutputs()?['body/ID']})/roleassignments/addroleassignment(principalid=@{variables('varUserID')},roleDefId=@{variables('varContributePermID')})"},"authentication":"@parameters('$authentication')"}}},"runAfter":{},"expression":{"not":{"equals":["@triggerOutputs()?['body/From_x002d_CreatedBy']","@null"]}},"metadata":{"operationMetadataId":"90ef8250-e50b-49de-94af-237da3afba2f"},"type":"If"},"ConditioncheckBackup":{"actions":{"Send_an_HTTP_request_to_SharePointGetBackDetails":{"runAfter":{},"metadata":{"operationMetadataId":"e4ff946e-c57a-47a9-9a25-c21cd2870974"},"type":"OpenApiConnection","inputs":{"host":{"apiId":"/providers/Microsoft.PowerApps/apis/shared_sharepointonline","connectionName":"shared_sharepointonline","operationId":"HttpRequest"},"parameters":{"dataset":"@outputs('SiteUrl')","parameters/method":"GET","parameters/uri":"/_api/web/siteusers?$select=Id,Title&$filter=Title eq'@{triggerOutputs()?['body/Backup/DisplayName']}'"},"authentication":"@parameters('$authentication')"}},"Parse_JSONGetRequester_2":{"runAfter":{"Send_an_HTTP_request_to_SharePointGetBackDetails":["Succeeded"]},"metadata":{"operationMetadataId":"f901aaa6-8bc3-47c0-96c8-5bee25cacccd"},"type":"ParseJson","inputs":{"content":"@body('Send_an_HTTP_request_to_SharePointGetBackDetails')","schema":{"type":"object","properties":{"d":{"type":"object","properties":{"results":{"type":"array","items":{"type":"object","properties":{"__metadata":{"type":"object","properties":{"id":{"type":"string"},"uri":{"type":"string"},"type":{"type":"string"}}},"Id":{"type":"integer"},"Title":{"type":"string"}},"required":["__metadata","Id","Title"]}}}}}}}},"Apply_to_each_2":{"foreach":"@body('Parse_JSONGetRequester_2')?['d']?['results']","actions":{"SetUserID_2":{"runAfter":{},"metadata":{"operationMetadataId":"a8767e06-cf4f-430b-afbb-f0f3234c5a5d"},"type":"SetVariable","inputs":{"name":"varUserID","value":"@{items('Apply_to_each_2')?['Id']}"}}},"runAfter":{"Parse_JSONGetRequester_2":["Succeeded"]},"metadata":{"operationMetadataId":"816d68e8-53db-447e-bd16-eca55a974065"},"type":"Foreach"},"Send_an_HTTP_request_to_SharePointAddBackup":{"runAfter":{"Apply_to_each_2":["Succeeded"]},"metadata":{"operationMetadataId":"b09a7cfb-0877-4950-8eac-cae486127084"},"type":"OpenApiConnection","inputs":{"host":{"apiId":"/providers/Microsoft.PowerApps/apis/shared_sharepointonline","connectionName":"shared_sharepointonline","operationId":"HttpRequest"},"parameters":{"dataset":"@outputs('SiteUrl')","parameters/method":"POST","parameters/uri":"_api/web/lists/getByTitle('@{outputs('ListName')}')/items(@{triggerOutputs()?['body/ID']})/roleassignments/addroleassignment(principalid=@{variables('varUserID')},roleDefId=@{variables('varContributePermID')})"},"authentication":"@parameters('$authentication')"}}},"runAfter":{"ConditioncheckRequester":["Succeeded"]},"expression":{"not":{"equals":["@triggerOutputs()?['body/Backup']","@null"]}},"metadata":{"operationMetadataId":"a4c8a84b-8629-40be-a3f2-b0cbf553927b"},"type":"If"}}},"expression":{"and":[{"equals":["@triggerOutputs()?['body/From_x002d_CreatedBy']","@null"]},{"equals":["@triggerOutputs()?['body/Backup']","@null"]}]},"metadata":{"operationMetadataId":"dd4ad608-114b-437c-8c9a-569ca7cdeced"},"type":"If"},"varUserID":{"runAfter":{"varContributePermID":["Succeeded"]},"metadata":{"operationMetadataId":"c00ee965-9b9d-41b2-ae47-9d4d4aec258e"},"type":"InitializeVariable","inputs":{"variables":[{"name":"varUserID","type":"string"}]}}}},"connectionReferences":{"shared_sharepointonline":{"connectionName":"shared-sharepointonl-8497e7b3-0f17-438f-b417-dec4b5d0ac7d","source":"Embedded","id":"/providers/Microsoft.PowerApps/apis/shared_sharepointonline","tier":"NotSpecified","apiName":"sharepointonline"},"shared_office365":{"connectionName":"shared-office365-12a60388-7fe1-4227-b040-e1c211678baf","source":"Embedded","id":"/providers/Microsoft.PowerApps/apis/shared_office365","tier":"NotSpecified","apiName":"office365"}},"flowFailureAlertSubscribed":false,"isManaged":false}}